<?xml version="1.0" encoding="utf-8"?><feed xmlns="http://www.w3.org/2005/Atom" ><generator uri="https://jekyllrb.com/" version="3.8.6">Jekyll</generator><link href="https://nikrodionov.com/feed.xml" rel="self" type="application/atom+xml" /><link href="https://nikrodionov.com/" rel="alternate" type="text/html" /><updated>2019-11-17T15:09:21+03:00</updated><id>https://nikrodionov.com/feed.xml</id><title type="html">Nikolai Rodionov</title><subtitle>Software Engineer. Mostly working with Apple ecosystem. Writing about iOS Development and software development in general. Swift, Objective-C and C++ are my daily friends. But I also use JavaScript and Python.</subtitle><author><name>{&quot;avatar&quot;=&gt;&quot;/assets/bio.jpeg&quot;, &quot;links&quot;=&gt;[{&quot;label&quot;=&gt;&quot;Twitter&quot;, &quot;icon&quot;=&gt;&quot;fab fa-fw fa-twitter-square&quot;, &quot;url&quot;=&gt;&quot;https://twitter.com/n_rodionov&quot;}, {&quot;label&quot;=&gt;&quot;GitHub&quot;, &quot;icon&quot;=&gt;&quot;fab fa-fw fa-github&quot;, &quot;url&quot;=&gt;&quot;https://github.com/qaze&quot;}, {&quot;label&quot;=&gt;&quot;LinkedIn&quot;, &quot;icon&quot;=&gt;&quot;fab fa-fw fa-linkedin&quot;, &quot;url&quot;=&gt;&quot;https://linkedin.com/in/nrodionov&quot;}]}</name></author><entry><title type="html">iOS Developer Tools</title><link href="https://nikrodionov.com/ios-developer-tools/" rel="alternate" type="text/html" title="iOS Developer Tools" /><published>2019-11-10T16:21:37+03:00</published><updated>2019-11-10T16:21:37+03:00</updated><id>https://nikrodionov.com/ios-developer-tools</id><content type="html" xml:base="https://nikrodionov.com/ios-developer-tools/">&lt;p&gt;iOS Developer Tools
Article describes various tools I use during my daily working routine. I update this list if something will change. It covers just tools that I use and that suits my workflow but I think that it can be helpful for someone who is seeking the new ways of improving their workflows.&lt;/p&gt;

&lt;h3 id=&quot;coding&quot;&gt;Coding&lt;/h3&gt;
&lt;ul&gt;
  &lt;li&gt;&lt;a href=&quot;https://developer.apple.com/xcode/&quot;&gt;Xcode&lt;/a&gt; is number one! My main focus is iOS development and it’s the must app for developing, testing, debugging and distributing iOS apps. It’s not the perfect… far from perfect IDE, but it’s the only one full functional IDE for iOS coding now. You can try to partially replace it with &lt;a href=&quot;https://www.jetbrains.com/objc/&quot;&gt;AppCode&lt;/a&gt; but only partially. Interface builder is available only in Xcode and Xcode is the most developed IDE currently with design matching MacOS comparing it to AppCode IDE which looks awkward on Mac.&lt;/li&gt;
  &lt;li&gt;&lt;a href=&quot;https://code.visualstudio.com&quot;&gt;Visual Studio Code&lt;/a&gt; - my favourite text-code editor available on Mac. Before Mac had appeared in my life and my main works station was Windows, I was a big fan of NotePad++. Great tool! Fast and easy to use. Unfortunately NotePad++ is not available on Mac.. And even worse somehow the era of &lt;a href=&quot;https://electronjs.org&quot;&gt;Electron&lt;/a&gt;-based apps started on Mac. And now the when you need code editor you mostly have three options: &lt;a href=&quot;https://atom.io&quot;&gt;Atom&lt;/a&gt;, &lt;a href=&quot;https://code.visualstudio.com&quot;&gt;Visual Studio Code&lt;/a&gt; and &lt;a href=&quot;https://www.sublimetext.com&quot;&gt;Sublime Text&lt;/a&gt;. And my personal choice is VS Code! It’s fast enough, works well with big files and have plenty of different plugins. I use it mostly for JS (Node) development and working with regular expressions.&lt;/li&gt;
  &lt;li&gt;&lt;a href=&quot;https://www.jetbrains.com/pycharm/&quot;&gt;PyCharm&lt;/a&gt;. I use python as support language for different scripts and helpful utils. PyCharm is my favourite way to work with Python because it offers good way to debug and develop python apps.&lt;/li&gt;
&lt;/ul&gt;

&lt;h3 id=&quot;developer-helpers&quot;&gt;Developer Helpers&lt;/h3&gt;
&lt;ul&gt;
  &lt;li&gt;&lt;a href=&quot;https://sherlock.inspiredcode.io&quot;&gt;Sherlock&lt;/a&gt; - it is one the apps that caused “How could I have lived without it” effect. Really great util that saved me hours of work. It connects to active simulator and allows you to change constraints and parameters of views in realtime.&lt;/li&gt;
  &lt;li&gt;&lt;a href=&quot;https://revealapp.com&quot;&gt;Reveal&lt;/a&gt; - another realtime view editing tool but with much more debugging functions. Very useful as well.&lt;/li&gt;
  &lt;li&gt;&lt;a href=&quot;https://developer.apple.com/xcode/&quot;&gt;Xcode&lt;/a&gt; and Xcode Instruments - again! Offers a huge number of different ways to debug and analyse app behaviour. Need some time to dig in and explore all the features.&lt;/li&gt;
&lt;/ul&gt;

&lt;h3 id=&quot;misc&quot;&gt;Misc&lt;/h3&gt;
&lt;ul&gt;
  &lt;li&gt;&lt;a href=&quot;https://fastlane.tools&quot;&gt;Fastlane&lt;/a&gt; - must have. Stop build and uploads applications by hands. Configure once, use everyday. Plenty of features, easy to configure and saves enamours amount of time.&lt;/li&gt;
  &lt;li&gt;&lt;a href=&quot;https://www.sourcetreeapp.com&quot;&gt;Sourcetree&lt;/a&gt; - git client. Very fast and reliable git without overhead.&lt;/li&gt;
&lt;/ul&gt;

&lt;h3 id=&quot;design&quot;&gt;Design&lt;/h3&gt;
&lt;ul&gt;
  &lt;li&gt;&lt;a href=&quot;https://www.sketch.com&quot;&gt;Sketch&lt;/a&gt; - must have tool for creating and sometime watching designs. Widely used by designers.&lt;/li&gt;
  &lt;li&gt;&lt;a href=&quot;https://zeplin.io&quot;&gt;Zeplin&lt;/a&gt; - my favourite design storage and viewer. Has the best feature ever:&lt;/li&gt;
&lt;/ul&gt;
&lt;video width=&quot;480&quot; height=&quot;320&quot; controls=&quot;controls&quot;&gt;
  &lt;source src=&quot;https://cdn.zeplin.io/demo/popout.mp4&quot; type=&quot;video/mp4&quot; /&gt;
&lt;/video&gt;
&lt;p&gt;Very useful during design checking.&lt;/p&gt;

&lt;p&gt;Thank you for reading. Please let me know your thoughts.&lt;/p&gt;</content><author><name>{&quot;avatar&quot;=&gt;&quot;/assets/bio.jpeg&quot;, &quot;links&quot;=&gt;[{&quot;label&quot;=&gt;&quot;Twitter&quot;, &quot;icon&quot;=&gt;&quot;fab fa-fw fa-twitter-square&quot;, &quot;url&quot;=&gt;&quot;https://twitter.com/n_rodionov&quot;}, {&quot;label&quot;=&gt;&quot;GitHub&quot;, &quot;icon&quot;=&gt;&quot;fab fa-fw fa-github&quot;, &quot;url&quot;=&gt;&quot;https://github.com/qaze&quot;}, {&quot;label&quot;=&gt;&quot;LinkedIn&quot;, &quot;icon&quot;=&gt;&quot;fab fa-fw fa-linkedin&quot;, &quot;url&quot;=&gt;&quot;https://linkedin.com/in/nrodionov&quot;}]}</name></author><summary type="html">iOS Developer Tools Article describes various tools I use during my daily working routine. I update this list if something will change. It covers just tools that I use and that suits my workflow but I think that it can be helpful for someone who is seeking the new ways of improving their workflows.</summary><media:thumbnail xmlns:media="http://search.yahoo.com/mrss/" url="https://nikrodionov.com/assets/ios_development_tools.jpg" /></entry><entry xml:lang="en"><title type="html">rvictl in XCode 11 and MacOS Catalina</title><link href="https://nikrodionov.com/rvictl-in-xcode-11-and-macos-catalina/" rel="alternate" type="text/html" title="rvictl in XCode 11 and MacOS Catalina" /><published>2019-10-07T09:08:14+03:00</published><updated>2019-10-07T09:08:14+03:00</updated><id>https://nikrodionov.com/rvictl-in-xcode-11-and-macos-catalina</id><content type="html" xml:base="https://nikrodionov.com/rvictl-in-xcode-11-and-macos-catalina/">&lt;p&gt;I have faced with a problem that small and very useful program rvictl become unavailable MacOS Catalina and XCode 11. I will provide steps how to get the application back. But at first let’s take a look what rvictl is?!&lt;/p&gt;

&lt;p&gt;rvictl ( Remote Virtual Interface Tool ) is a tool for capturing packets directly from your iOS Device. Let’s imagine that you need to sniff traffic from your iOS Device. Obviously, you can use &lt;a href=&quot;https://www.charlesproxy.com&quot;&gt;Charles&lt;/a&gt;, but what if you don’t want to proxy traffic or your want to use more powerful &lt;a href=&quot;https://www.wireshark.org&quot;&gt;WireShark&lt;/a&gt;. Then you need to use rvictl. You simply need to find your device UDID for example through Finder app.&lt;/p&gt;

&lt;p&gt;&lt;img src=&quot;/assets/image-3.png?fit=1024%2C282&amp;amp;ssl=1&quot; alt=&quot;ios device udid catalina&quot; /&gt;&lt;/p&gt;

&lt;p&gt;And type something like the following in terminal:&lt;/p&gt;
&lt;div class=&quot;highlighter-rouge&quot;&gt;&lt;div class=&quot;highlight&quot;&gt;&lt;pre class=&quot;highlight&quot;&gt;&lt;code&gt;sudo rvictl -s [DEVICE UDID]
&lt;/code&gt;&lt;/pre&gt;&lt;/div&gt;&lt;/div&gt;
&lt;p&gt;Output will be something like that:&lt;/p&gt;
&lt;div class=&quot;highlighter-rouge&quot;&gt;&lt;div class=&quot;highlight&quot;&gt;&lt;pre class=&quot;highlight&quot;&gt;&lt;code&gt;Starting device [DEVICE UDID] [SUCCEEDED] with interface rvi0
&lt;/code&gt;&lt;/pre&gt;&lt;/div&gt;&lt;/div&gt;
&lt;p&gt;But unfortunately new XCode 11 comes not bundled with rvictl available in terminal.&lt;/p&gt;

&lt;p&gt;Go to the folder:&lt;/p&gt;
&lt;div class=&quot;highlighter-rouge&quot;&gt;&lt;div class=&quot;highlight&quot;&gt;&lt;pre class=&quot;highlight&quot;&gt;&lt;code&gt;/Applications/Xcode.app/Contents/Resources/Packages
&lt;/code&gt;&lt;/pre&gt;&lt;/div&gt;&lt;/div&gt;
&lt;p&gt;Double click MobileDeviceDevelopment.pkg and MobileDevice.pkg and proceed with installation.&lt;/p&gt;

&lt;p&gt;That’s it. Everything ready but there is one more thing that can be different in new version. if you’ll try to use rvictl you can get something like:&lt;/p&gt;
&lt;div class=&quot;highlighter-rouge&quot;&gt;&lt;div class=&quot;highlight&quot;&gt;&lt;pre class=&quot;highlight&quot;&gt;&lt;code&gt;command not found: rvictl
&lt;/code&gt;&lt;/pre&gt;&lt;/div&gt;&lt;/div&gt;
&lt;p&gt;So you’ll need to use it as following:&lt;/p&gt;
&lt;div class=&quot;highlighter-rouge&quot;&gt;&lt;div class=&quot;highlight&quot;&gt;&lt;pre class=&quot;highlight&quot;&gt;&lt;code&gt;sudo /Library/Apple/usr/bin/rvictl -s [DEVICE UDID]
&lt;/code&gt;&lt;/pre&gt;&lt;/div&gt;&lt;/div&gt;
&lt;p&gt;After that you can open WireShark and you’ll see rvi0 interface that can be captured.&lt;/p&gt;

&lt;p&gt;Hope you enjoyed this tutorial. Please let me know your thoughts.&lt;/p&gt;</content><author><name>{&quot;avatar&quot;=&gt;&quot;/assets/bio.jpeg&quot;, &quot;links&quot;=&gt;[{&quot;label&quot;=&gt;&quot;Twitter&quot;, &quot;icon&quot;=&gt;&quot;fab fa-fw fa-twitter-square&quot;, &quot;url&quot;=&gt;&quot;https://twitter.com/n_rodionov&quot;}, {&quot;label&quot;=&gt;&quot;GitHub&quot;, &quot;icon&quot;=&gt;&quot;fab fa-fw fa-github&quot;, &quot;url&quot;=&gt;&quot;https://github.com/qaze&quot;}, {&quot;label&quot;=&gt;&quot;LinkedIn&quot;, &quot;icon&quot;=&gt;&quot;fab fa-fw fa-linkedin&quot;, &quot;url&quot;=&gt;&quot;https://linkedin.com/in/nrodionov&quot;}]}</name></author><summary type="html">I have faced with a problem that small and very useful program rvictl become unavailable MacOS Catalina and XCode 11. I will provide steps how to get the application back. But at first let’s take a look what rvictl is?!</summary><media:thumbnail xmlns:media="http://search.yahoo.com/mrss/" url="https://nikrodionov.com/assets/rvictl.jpg" /></entry><entry xml:lang="en"><title type="html">iOS Common Issues #1: … this class is not key value coding-compliant for the key …</title><link href="https://nikrodionov.com/this-class-is-not-key-value-coding-compliant-for-the-key/" rel="alternate" type="text/html" title="iOS Common Issues #1: … this class is not key value coding-compliant for the key …" /><published>2019-06-28T09:37:04+03:00</published><updated>2019-06-28T09:37:04+03:00</updated><id>https://nikrodionov.com/this-class-is-not-key-value-coding-compliant-for-the-key</id><content type="html" xml:base="https://nikrodionov.com/this-class-is-not-key-value-coding-compliant-for-the-key/">&lt;p&gt;When you just at start of becoming great iOS Developer you already have faced or definitely will face with wide range of crashes. It can be very frustrating and can be big problem on your way on learning iOS development. I think every dev has faced and knows this XCode statement: &lt;em&gt;this class is not key value coding-compliant for the key&lt;/em&gt;.&lt;/p&gt;

&lt;p&gt;Full text of this crash can seem like the following:&lt;/p&gt;
&lt;div class=&quot;highlighter-rouge&quot;&gt;&lt;div class=&quot;highlight&quot;&gt;&lt;pre class=&quot;highlight&quot;&gt;&lt;code&gt;*** Terminating app due to uncaught exception ‘NSUnknownKeyException’, reason: ‘[&amp;lt;UIViewController 0xXXXXXX&amp;gt; setValue:forUndefinedKey:]: this class is not key value coding-compliant for the key XXX.’
&lt;/code&gt;&lt;/pre&gt;&lt;/div&gt;&lt;/div&gt;
&lt;p&gt;This crash can be quite annoying and it’s unclear what to do with that. But the issue is pretty simple to resolve. Let’s take a look on common reasons:&lt;/p&gt;

&lt;h2 id=&quot;outlet-removed-in-the-code-but-is-still-set-in-storyboardxib&quot;&gt;Outlet removed in the code, but is still set in Storyboard/Xib&lt;/h2&gt;

&lt;p&gt;You can have the situation like that.. You have some element in Storyboard/Xib that was previously bind to your View Controller but now you removed it from code and didn’t remove it from your interface file. Double check that you don’t have situation like on following screenshots:&lt;/p&gt;

&lt;table class=&quot;wp-block-table&quot;&gt;

&lt;tbody&gt;

&lt;tr&gt;

&lt;td&gt;Outlet is connected to ViewController&lt;/td&gt;

&lt;td&gt;Outlet is commented out in the code&lt;/td&gt;

&lt;/tr&gt;

&lt;tr&gt;

&lt;td&gt;&lt;img src=&quot;/assets/3DBB319E-BC51-48F2-AD01-9AC4A52D6453-e1561716031217.png&quot; /&gt;&lt;/td&gt;

&lt;td&gt;&lt;img src=&quot;/assets/46F1D09E-3E82-4984-8B94-AE3DF5A27E7F.png&quot; /&gt;&lt;/td&gt;

&lt;/tr&gt;

&lt;/tbody&gt;

&lt;/table&gt;

&lt;hr /&gt;

&lt;h2 id=&quot;class-name-in-storyboardxib-is-wrong&quot;&gt;Class Name in Storyboard/Xib is wrong&lt;/h2&gt;

&lt;p&gt;It’s common mistake that class name set in StoryBoard / Xib is wrong. Below is example… just a misspelled word can cause this annoying crash:&lt;/p&gt;

&lt;table class=&quot;wp-block-table&quot;&gt;

&lt;tbody&gt;

&lt;tr&gt;

&lt;td&gt;Name is set to ViwController&lt;/td&gt;
&lt;td&gt;Class name is View Controller&lt;/td&gt;

&lt;/tr&gt;

&lt;tr&gt;

&lt;td&gt;&lt;img src=&quot;/assets/BA005FA1-C081-46DC-9093-93F5DA5F8292.png&quot; /&gt;&lt;/td&gt;

&lt;td&gt;&lt;img src=&quot;/assets/7301A409-391C-4D5B-A9BF-72A845050622.png&quot; /&gt;&lt;/td&gt;

&lt;/tr&gt;

&lt;/tbody&gt;

&lt;/table&gt;

&lt;hr /&gt;

&lt;h2 id=&quot;error-after-copying-a-view-controller&quot;&gt;Error after copying a View Controller&lt;/h2&gt;

&lt;p&gt;Somehow it can appear after you have copied your View Controller. Please double check View Controller’s connection inspector each time you’re copying view controller in order to avoid such situations as below:&lt;/p&gt;

&lt;p&gt;&lt;img src=&quot;/assets/2475997A-D5D7-4739-BE13-4D79CEE239C9.png&quot; alt=&quot;ios xcode connection inspector&quot; /&gt;&lt;/p&gt;

&lt;p&gt;To resolve “class is not key value coding-compliant for the key” issue you just need to click on close button (x) of problem outlet and re-bind it one more time.&lt;/p&gt;

&lt;p&gt;&lt;em&gt;Also please make sure that you have done full clean + rebuild after resolving such issues. Xcode is not perfect IDE and it still has a huge issue that can be resolved simply by clean ( Shift + CMD + K ) and build ( CMD + B )&lt;/em&gt;&lt;/p&gt;

&lt;p&gt;&lt;em&gt;Thanks for reading!&lt;/em&gt;&lt;/p&gt;</content><author><name>{&quot;avatar&quot;=&gt;&quot;/assets/bio.jpeg&quot;, &quot;links&quot;=&gt;[{&quot;label&quot;=&gt;&quot;Twitter&quot;, &quot;icon&quot;=&gt;&quot;fab fa-fw fa-twitter-square&quot;, &quot;url&quot;=&gt;&quot;https://twitter.com/n_rodionov&quot;}, {&quot;label&quot;=&gt;&quot;GitHub&quot;, &quot;icon&quot;=&gt;&quot;fab fa-fw fa-github&quot;, &quot;url&quot;=&gt;&quot;https://github.com/qaze&quot;}, {&quot;label&quot;=&gt;&quot;LinkedIn&quot;, &quot;icon&quot;=&gt;&quot;fab fa-fw fa-linkedin&quot;, &quot;url&quot;=&gt;&quot;https://linkedin.com/in/nrodionov&quot;}]}</name></author><summary type="html">When you just at start of becoming great iOS Developer you already have faced or definitely will face with wide range of crashes. It can be very frustrating and can be big problem on your way on learning iOS development. I think every dev has faced and knows this XCode statement: _this class is not key value coding-compliant for the key_.</summary><media:thumbnail xmlns:media="http://search.yahoo.com/mrss/" url="https://nikrodionov.com/assets/error_big.jpg" /></entry><entry xml:lang="en"><title type="html">SwiftUI: Project migration from UIKit</title><link href="https://nikrodionov.com/project-migration-to-swiftui/" rel="alternate" type="text/html" title="SwiftUI: Project migration from UIKit" /><published>2019-06-17T10:09:09+03:00</published><updated>2019-06-17T10:09:09+03:00</updated><id>https://nikrodionov.com/project-migration-to-swiftui</id><content type="html" xml:base="https://nikrodionov.com/project-migration-to-swiftui/">&lt;p&gt;Apple released SwiftUI framework. The great tech that will allow to create great UI/UX faster. How to migrate from old project with UIKit to new SwiftUI?&lt;/p&gt;

&lt;p&gt;It’s the first article of rewriting my very old project &lt;a href=&quot;https://github.com/qaze/PoloTicker&quot;&gt;PoloTicker&lt;/a&gt; with new SwiftUI.&lt;/p&gt;

&lt;p&gt;Let’s start from migrating the project to new structure to run SwiftUI. So what’s new and what we need to change:&lt;/p&gt;

&lt;h2 id=&quot;make-sure-that-you-are-compatible-with-new-tech&quot;&gt;Make sure that you are compatible with new tech.&lt;/h2&gt;

&lt;p&gt;Here’s what you’ll need:&lt;/p&gt;

&lt;ul&gt;
  &lt;li&gt;
    &lt;p&gt;macOS Catalina (beta)&lt;/p&gt;
  &lt;/li&gt;
  &lt;li&gt;
    &lt;p&gt;Xcode 11 (beta)&lt;/p&gt;
  &lt;/li&gt;
  &lt;li&gt;
    &lt;p&gt;(Optional) iOS 13 if you’ll need to run on device not only on simulator&lt;/p&gt;
  &lt;/li&gt;
&lt;/ul&gt;

&lt;p&gt;All of them you can get from developer.apple.com . Scroll down to the bottom of the page and go to Software downloads. &lt;em&gt;You’ll need developer account to sign in and download updates&lt;/em&gt;&lt;/p&gt;

&lt;p&gt;&lt;img src=&quot;/assets/0973EDE0-0170-44F1-8A6F-94C28FAD481A-1024x274.png&quot; alt=&quot;download xcode and mac os beta&quot; /&gt;&lt;/p&gt;

&lt;h2 id=&quot;ready-to-start&quot;&gt;Ready to start!&lt;/h2&gt;

&lt;p&gt;Now open old project and start from creating empty SwiftUI. In this chapter we want only to move from loading old Storyboard file to starting the app from new Empty SwiftUI file. Now create a SwiftUI file:&lt;/p&gt;

&lt;p&gt;&lt;img src=&quot;/assets/238556B6-271F-474F-B994-21D052FD6E34-1024x721.png&quot; alt=&quot;create swiftui file&quot; /&gt;&lt;/p&gt;

&lt;p&gt;Name it some way.. I named it like MainView.swift and here is default text on centre of screen. Now I want to launch the app from it.&lt;/p&gt;

&lt;h2 id=&quot;update-appdelegate&quot;&gt;Update AppDelegate&lt;/h2&gt;

&lt;p&gt;You need to add Scene life-cycle. iOS 13 now is focusing on UIWindowSceneDelegate as start point (previously it was UIApplicationDelegate). You need to implement inside your UIApplicationDelegate the following to pass the control to UIWindowSceneDelegate:&lt;/p&gt;

&lt;div class=&quot;highlighter-rouge&quot;&gt;&lt;div class=&quot;highlight&quot;&gt;&lt;pre class=&quot;highlight&quot;&gt;&lt;code&gt;// MARK:**UISceneSession Lifecycle**
func application(_ application: UIApplication, configurationForConnecting connectingSceneSession: UISceneSession, options: UIScene.ConnectionOptions) -&amp;gt; UISceneConfiguration {
        return UISceneConfiguration(name: “Default Configuration”, sessionRole: connectingSceneSession.role)
}

func application(_ application: UIApplication, didDiscardSceneSessions sceneSessions: Set&amp;lt;UISceneSession&amp;gt;) {
}
&lt;/code&gt;&lt;/pre&gt;&lt;/div&gt;&lt;/div&gt;

&lt;h2 id=&quot;create-your-uiwindowscenedelegate&quot;&gt;Create your UIWindowSceneDelegate&lt;/h2&gt;

&lt;p&gt;Create an empty swift file called SceneDelegate.swift with following content:&lt;/p&gt;

&lt;div class=&quot;highlighter-rouge&quot;&gt;&lt;div class=&quot;highlight&quot;&gt;&lt;pre class=&quot;highlight&quot;&gt;&lt;code&gt;import UIKit
import SwiftUI

class SceneDelegate: UIResponder, UIWindowSceneDelegate {

    var window: UIWindow?

    func scene(_ scene: UIScene, willConnectTo session: UISceneSession, options connectionOptions: UIScene.ConnectionOptions) {
        // Use this method to optionally configure and attach the UIWindow `window` to the provided UIWindowScene `scene`.
        // If using a storyboard, the `window` property will automatically be initialized and attached to the scene.
        // This delegate does not imply the connecting scene or session are new (see `application:configurationForConnectingSceneSession` instead).

        // Use a UIHostingController as window root view controller
        let window = UIWindow(frame: UIScreen.main.bounds)
        window.rootViewController = UIHostingController(rootView: MainView())
        self.window = window
        window.makeKeyAndVisible()
    }

    func sceneDidDisconnect(_ scene: UIScene) {
        // Called as the scene is being released by the system.
        // This occurs shortly after the scene enters the background, or when its session is discarded.
        // Release any resources associated with this scene that can be re-created the next time the scene connects.
        // The scene may re-connect later, as its session was not neccessarily discarded (see `application:didDiscardSceneSessions` instead).
    }

    func sceneDidBecomeActive(_ scene: UIScene) {
        // Called when the scene has moved from an inactive state to an active state.
        // Use this method to restart any tasks that were paused (or not yet started) when the scene was inactive.
    }

    func sceneWillResignActive(_ scene: UIScene) {
        // Called when the scene will move from an active state to an inactive state.
        // This may occur due to temporary interruptions (ex. an incoming phone call).
    }

    func sceneWillEnterForeground(_ scene: UIScene) {
        // Called as the scene transitions from the background to the foreground.
        // Use this method to undo the changes made on entering the background.
    }

    func sceneDidEnterBackground(_ scene: UIScene) {
        // Called as the scene transitions from the foreground to the background.
        // Use this method to save data, release shared resources, and store enough scene-specific state information
        // to restore the scene back to its current state.
    }

}
&lt;/code&gt;&lt;/pre&gt;&lt;/div&gt;&lt;/div&gt;

&lt;p&gt;Take a look at:&lt;/p&gt;

&lt;div class=&quot;highlighter-rouge&quot;&gt;&lt;div class=&quot;highlight&quot;&gt;&lt;pre class=&quot;highlight&quot;&gt;&lt;code&gt;func scene(_ scene: UIScene, willConnectTo session: UISceneSession, options connectionOptions: UIScene.ConnectionOptions)
&lt;/code&gt;&lt;/pre&gt;&lt;/div&gt;&lt;/div&gt;

&lt;p&gt;This is your start point now. As you can see we set our new created MainView as root view controller:&lt;/p&gt;

&lt;div class=&quot;highlighter-rouge&quot;&gt;&lt;div class=&quot;highlight&quot;&gt;&lt;pre class=&quot;highlight&quot;&gt;&lt;code&gt;// Create new Window
    let window = UIWindow(frame: UIScreen.main.bounds) 
// Wrap our MainView in UIHostingController 
// And set is as root view controller
    window.rootViewController = UIHostingController(rootView: MainView()) 
    self.window = window
    window.makeKeyAndVisible()
&lt;/code&gt;&lt;/pre&gt;&lt;/div&gt;&lt;/div&gt;

&lt;p&gt;Seems pretty easy, isn’t it?&lt;br /&gt;
But it won’t work yet, if you’d try you’ll see that it’s only black screen here. So what’s wrong?&lt;/p&gt;

&lt;h2 id=&quot;make-the-app-see-uiwindowscenedelegate&quot;&gt;Make the app see UIWindowSceneDelegate&lt;/h2&gt;

&lt;p&gt;Check that target iOS is set to iOS 13:&lt;/p&gt;

&lt;p&gt;&lt;img src=&quot;/assets/5243C43A-F097-40B1-B249-AFC6C6CBC054-1024x342.png&quot; alt=&quot;move to iOS 13&quot; /&gt;&lt;/p&gt;

&lt;ol&gt;
  &lt;li&gt;Update your Info.plist:&lt;br /&gt;
Open it as source code&lt;/li&gt;
&lt;/ol&gt;

&lt;p&gt;&lt;img src=&quot;/assets/A13A1B9E-60B0-4DD9-9C3C-F2895D108FBC.png&quot; alt=&quot;open info.plist as source code&quot; /&gt;&lt;/p&gt;

&lt;p&gt;Find there the key for your Storyboard and completely remove it from your Info.plist:&lt;/p&gt;

&lt;div class=&quot;highlighter-rouge&quot;&gt;&lt;div class=&quot;highlight&quot;&gt;&lt;pre class=&quot;highlight&quot;&gt;&lt;code&gt;&amp;lt;key&amp;gt;UIMainStoryboardFile&amp;lt;/key&amp;gt;
&amp;lt;string&amp;gt;STORYBOARD_NAME&amp;lt;/string&amp;gt;
&lt;/code&gt;&lt;/pre&gt;&lt;/div&gt;&lt;/div&gt;

&lt;p&gt;New you’ll need to add the following:&lt;/p&gt;

&lt;div class=&quot;highlighter-rouge&quot;&gt;&lt;div class=&quot;highlight&quot;&gt;&lt;pre class=&quot;highlight&quot;&gt;&lt;code&gt;&amp;lt;key&amp;gt;UIApplicationSceneManifest&amp;lt;/key&amp;gt;
    &amp;lt;dict&amp;gt;
        &amp;lt;key&amp;gt;UIApplicationSupportsMultipleScenes&amp;lt;/key&amp;gt;
        &amp;lt;false/&amp;gt;
        &amp;lt;key&amp;gt;UISceneConfigurations&amp;lt;/key&amp;gt;
        &amp;lt;dict&amp;gt;
            &amp;lt;key&amp;gt;UIWindowSceneSessionRoleApplication&amp;lt;/key&amp;gt;
            &amp;lt;array&amp;gt;
                &amp;lt;dict&amp;gt;
                    &amp;lt;key&amp;gt;UILaunchStoryboardName&amp;lt;/key&amp;gt;
                    &amp;lt;string&amp;gt;LaunchScreen&amp;lt;/string&amp;gt;
                    &amp;lt;key&amp;gt;UISceneConfigurationName&amp;lt;/key&amp;gt;
                    &amp;lt;string&amp;gt;Default Configuration&amp;lt;/string&amp;gt;
                    &amp;lt;key&amp;gt;UISceneDelegateClassName&amp;lt;/key&amp;gt;
                    &amp;lt;string&amp;gt;$(PRODUCT_MODULE_NAME).SceneDelegate&amp;lt;/string&amp;gt;
                &amp;lt;/dict&amp;gt;
            &amp;lt;/array&amp;gt;
        &amp;lt;/dict&amp;gt;
    &amp;lt;/dict&amp;gt;
&lt;/code&gt;&lt;/pre&gt;&lt;/div&gt;&lt;/div&gt;

&lt;p&gt;This code will tell your application that you now want to launch with your scene delegate.&lt;/p&gt;

&lt;h2 id=&quot;its-done&quot;&gt;It’s done!&lt;/h2&gt;

&lt;p&gt;So now we’re ready!&lt;br /&gt;
Launch the app and you should see MainView as first screen launched.&lt;/p&gt;

&lt;p&gt;&lt;em&gt;P.S. I have faced with problem that the solution didn’t worked and resolved it through cleaning derived data of Xcode and completely removing old app from device at first&lt;/em&gt;&lt;/p&gt;

&lt;p&gt;&lt;em&gt;Thanks for reading!&lt;/em&gt;&lt;/p&gt;</content><author><name>{&quot;avatar&quot;=&gt;&quot;/assets/bio.jpeg&quot;, &quot;links&quot;=&gt;[{&quot;label&quot;=&gt;&quot;Twitter&quot;, &quot;icon&quot;=&gt;&quot;fab fa-fw fa-twitter-square&quot;, &quot;url&quot;=&gt;&quot;https://twitter.com/n_rodionov&quot;}, {&quot;label&quot;=&gt;&quot;GitHub&quot;, &quot;icon&quot;=&gt;&quot;fab fa-fw fa-github&quot;, &quot;url&quot;=&gt;&quot;https://github.com/qaze&quot;}, {&quot;label&quot;=&gt;&quot;LinkedIn&quot;, &quot;icon&quot;=&gt;&quot;fab fa-fw fa-linkedin&quot;, &quot;url&quot;=&gt;&quot;https://linkedin.com/in/nrodionov&quot;}]}</name></author><summary type="html">Apple released SwiftUI framework. The great tech that will allow to create great UI/UX faster. How to migrate from old project with UIKit to new SwiftUI? It’s the first article of rewriting my very old project PoloTicker with new SwiftUI. Let’s start from migrating the project to new structure to run SwiftUI. So what’s new and what we need to change: Make sure that you are compatible with new tech. Here’s what you’ll need: macOS Catalina (beta) Xcode 11 (beta) (Optional) iOS 13 if you’ll need to run on device not only on simulator All of them you can get from developer.apple.com . Scroll down to the bottom of the page and go to Software downloads. You’ll need developer account to sign in and download updates Ready to start! Now open old project and start from creating empty SwiftUI. In this chapter we want only to move from loading old Storyboard file to starting the app from new Empty SwiftUI file. Now create a SwiftUI file: Name it some way.. I named it like MainView.swift and here is default text on centre of screen. Now I want to launch the app from it. Update AppDelegate You need to add Scene life-cycle. iOS 13 now is focusing on UIWindowSceneDelegate as start point (previously it was UIApplicationDelegate). You need to implement inside your UIApplicationDelegate the following to pass the control to UIWindowSceneDelegate: // MARK:**UISceneSession Lifecycle** func application(_ application: UIApplication, configurationForConnecting connectingSceneSession: UISceneSession, options: UIScene.ConnectionOptions) -&amp;gt; UISceneConfiguration { return UISceneConfiguration(name: “Default Configuration”, sessionRole: connectingSceneSession.role) } func application(_ application: UIApplication, didDiscardSceneSessions sceneSessions: Set&amp;lt;UISceneSession&amp;gt;) { } Create your UIWindowSceneDelegate Create an empty swift file called SceneDelegate.swift with following content: import UIKit import SwiftUI class SceneDelegate: UIResponder, UIWindowSceneDelegate { var window: UIWindow? func scene(_ scene: UIScene, willConnectTo session: UISceneSession, options connectionOptions: UIScene.ConnectionOptions) { // Use this method to optionally configure and attach the UIWindow `window` to the provided UIWindowScene `scene`. // If using a storyboard, the `window` property will automatically be initialized and attached to the scene. // This delegate does not imply the connecting scene or session are new (see `application:configurationForConnectingSceneSession` instead). // Use a UIHostingController as window root view controller let window = UIWindow(frame: UIScreen.main.bounds) window.rootViewController = UIHostingController(rootView: MainView()) self.window = window window.makeKeyAndVisible() } func sceneDidDisconnect(_ scene: UIScene) { // Called as the scene is being released by the system. // This occurs shortly after the scene enters the background, or when its session is discarded. // Release any resources associated with this scene that can be re-created the next time the scene connects. // The scene may re-connect later, as its session was not neccessarily discarded (see `application:didDiscardSceneSessions` instead). } func sceneDidBecomeActive(_ scene: UIScene) { // Called when the scene has moved from an inactive state to an active state. // Use this method to restart any tasks that were paused (or not yet started) when the scene was inactive. } func sceneWillResignActive(_ scene: UIScene) { // Called when the scene will move from an active state to an inactive state. // This may occur due to temporary interruptions (ex. an incoming phone call). } func sceneWillEnterForeground(_ scene: UIScene) { // Called as the scene transitions from the background to the foreground. // Use this method to undo the changes made on entering the background. } func sceneDidEnterBackground(_ scene: UIScene) { // Called as the scene transitions from the foreground to the background. // Use this method to save data, release shared resources, and store enough scene-specific state information // to restore the scene back to its current state. } } Take a look at: func scene(_ scene: UIScene, willConnectTo session: UISceneSession, options connectionOptions: UIScene.ConnectionOptions) This is your start point now. As you can see we set our new created MainView as root view controller: // Create new Window let window = UIWindow(frame: UIScreen.main.bounds) // Wrap our MainView in UIHostingController // And set is as root view controller window.rootViewController = UIHostingController(rootView: MainView()) self.window = window window.makeKeyAndVisible() Seems pretty easy, isn’t it? But it won’t work yet, if you’d try you’ll see that it’s only black screen here. So what’s wrong? Make the app see UIWindowSceneDelegate Check that target iOS is set to iOS 13: Update your Info.plist: Open it as source code Find there the key for your Storyboard and completely remove it from your Info.plist: &amp;lt;key&amp;gt;UIMainStoryboardFile&amp;lt;/key&amp;gt; &amp;lt;string&amp;gt;STORYBOARD_NAME&amp;lt;/string&amp;gt; New you’ll need to add the following: &amp;lt;key&amp;gt;UIApplicationSceneManifest&amp;lt;/key&amp;gt; &amp;lt;dict&amp;gt; &amp;lt;key&amp;gt;UIApplicationSupportsMultipleScenes&amp;lt;/key&amp;gt; &amp;lt;false/&amp;gt; &amp;lt;key&amp;gt;UISceneConfigurations&amp;lt;/key&amp;gt; &amp;lt;dict&amp;gt; &amp;lt;key&amp;gt;UIWindowSceneSessionRoleApplication&amp;lt;/key&amp;gt; &amp;lt;array&amp;gt; &amp;lt;dict&amp;gt; &amp;lt;key&amp;gt;UILaunchStoryboardName&amp;lt;/key&amp;gt; &amp;lt;string&amp;gt;LaunchScreen&amp;lt;/string&amp;gt; &amp;lt;key&amp;gt;UISceneConfigurationName&amp;lt;/key&amp;gt; &amp;lt;string&amp;gt;Default Configuration&amp;lt;/string&amp;gt; &amp;lt;key&amp;gt;UISceneDelegateClassName&amp;lt;/key&amp;gt; &amp;lt;string&amp;gt;$(PRODUCT_MODULE_NAME).SceneDelegate&amp;lt;/string&amp;gt; &amp;lt;/dict&amp;gt; &amp;lt;/array&amp;gt; &amp;lt;/dict&amp;gt; &amp;lt;/dict&amp;gt; This code will tell your application that you now want to launch with your scene delegate. It’s done! So now we’re ready! Launch the app and you should see MainView as first screen launched. P.S. I have faced with problem that the solution didn’t worked and resolved it through cleaning derived data of Xcode and completely removing old app from device at first Thanks for reading!</summary><media:thumbnail xmlns:media="http://search.yahoo.com/mrss/" url="https://nikrodionov.com/assets/migration.jpg" /></entry></feed>